mem_id,instance_id,db,scope,sql_operations,table,column,data_type,nulls,rule
0,local004,E_commerce,db,division;cast,customers;orders;order_payments,order_payments.payment_value,numeric,all,"ENSURE: When computing AOV from integer-like aggregates, verify whether SQLite integer division is expected before forcing float math | CONTEXT: In this case, SUM(total_payment) / COUNT(order_id) matched gold behavior better than SUM(...) * 1.0 / COUNT(...) | WHEN_TO_CHECK: Any per-group average where numerator and denominator come from integer-valued aggregates | EXAMPLE_USAGE: Compare both formulations and keep the one matching expected output semantics."
1,local004,E_commerce,generic,aggregation;cast,all,all,numeric,all,"VERIFY: Output numeric type/precision matches evaluation expectations (integer-like vs decimal) | PRINCIPLE: Correct logic can still fail if output type/precision differs from target | WHEN_TO_APPLY: Any aggregate expression that may return float by default | EXAMPLE_USAGE: If expected values are integer-like, avoid unnecessary float promotion and apply explicit casting only when required."
2,local007,Baseball,db,strftime;cast;round,player,player.final_game;player.debut,date,all,"ENSURE: For year-span components in SQLite date arithmetic, prefer STRFTIME-based component extraction over julianday/365 approximations | CONTEXT: julianday-based decomposition introduced drift in career-span computations | WHEN_TO_CHECK: Date interval decomposition into year/month/day parts | EXAMPLE_USAGE: Use ABS(CAST(strftime('%Y', end) AS INTEGER) - CAST(strftime('%Y', start) AS INTEGER)) for the year component."
3,local007,Baseball,db,strftime;division;round,player,player.final_game;player.debut,numeric,all,"ENSURE: For fractional months, use month-component subtraction divided by 12.0 rather than julianday modulo heuristics | CONTEXT: (julianday diff % 365)/30.44 can misalign calendar month boundaries | WHEN_TO_CHECK: Converting month differences into fractional years | EXAMPLE_USAGE: Use ABS(CAST(strftime('%m', end) AS INTEGER) - CAST(strftime('%m', start) AS INTEGER)) / 12.0."
4,local007,Baseball,generic,strftime;date_diff,all,all,date,all,VERIFY: Calendar-aware date parts (year/month/day extraction) are preferred over average-day approximations when exact component semantics matter | PRINCIPLE: Average-day approximations introduce drift in boundary-sensitive calculations | WHEN_TO_APPLY: Date decomposition tasks and tenure/career-span style metrics | EXAMPLE_USAGE: Favor extracted components over raw day-count decomposition.
5,local007,Baseball,generic,division;round;strftime,all,all,numeric,all,ENSURE: Fractional-year formulas are internally consistent across components (year + month/12 + day/365) | PRINCIPLE: Mixing exact and approximate components can bias final averages | WHEN_TO_APPLY: Composite duration formulas | EXAMPLE_USAGE: Keep all component calculations aligned to the same calendar model.
6,local015,California_Traffic_Collision,db,filter;exists;subquery,collisions;parties,parties.party_safety_equipment_1;parties.party_safety_equipment_2,str,all,"ENSURE: When segmenting collisions by helmet usage, first restrict to cases with motorcycle-related safety-equipment evidence using EXISTS against parties | CONTEXT: Without this filter, unrelated cases contaminate helmet_not_used aggregates | WHEN_TO_CHECK: Collision-level classification derived from party-level attributes | EXAMPLE_USAGE: Add EXISTS (...) with party_safety_equipment LIKE '%motorcycle%' before computing helmet buckets."
7,local015,California_Traffic_Collision,generic,exists;filter,all,all,all,all,"VERIFY: If category assignment depends on a related table, enforce membership with EXISTS (or equivalent) before aggregation | PRINCIPLE: Aggregating before relational eligibility checks causes denominator pollution | WHEN_TO_APPLY: Any classification using attributes from a secondary table | EXAMPLE_USAGE: Apply eligibility EXISTS first, then compute category rates."
8,local037,Brazilian_E_Commerce,db,join;deduplication;aggregation,olist_order_payments;olist_order_items;olist_products,olist_order_payments.order_id,int,all,"ENSURE: In order-level payment analyses joined to item-level tables, deduplicate order-payment pairs before counting category-level totals | CONTEXT: One-to-many joins (orders -> items) can inflate payment counts if counted post-join | WHEN_TO_CHECK: Metrics that are logically order-level but computed after joining item-level records | EXAMPLE_USAGE: Build a DISTINCT order_id/payment_type/category relation in a CTE before GROUP BY."
9,local064,bank_sales_trading,db,aggregation;case;filter,customer_transactions,customer_transactions.txn_type,str,all,"ENSURE: Monthly net-balance logic must subtract both withdrawal and purchase txn types (not withdrawal alone) | CONTEXT: Omitting purchase undercounts outflows and shifts month-level balance comparisons | WHEN_TO_CHECK: Net balance formulas from mixed inflow/outflow transaction logs | EXAMPLE_USAGE: CASE WHEN txn_type='deposit' THEN +amt WHEN txn_type IN ('withdrawal','purchase') THEN -amt END."
10,local064,bank_sales_trading,db,cross join;left join;coalesce;aggregation,customer_transactions,customer_transactions.customer_id;customer_transactions.txn_date,all,Yes,"ENSURE: For complete customer-month summaries, materialize full customer x month keys, LEFT JOIN transactions, and COALESCE aggregates | CONTEXT: Direct GROUP BY on fact rows drops zero-activity months and biases downstream extremes | WHEN_TO_CHECK: Time-series summaries where missing periods must appear explicitly | EXAMPLE_USAGE: Generate month keys, CROSS JOIN customers, LEFT JOIN facts, then COALESCE(SUM(...),0)."
11,local075,bank_sales_trading,db,aggregation;exists;not exists;subquery,shopping_cart_events,shopping_cart_events.visit_id;shopping_cart_events.event_type,int,all,"ENSURE: Split added-to-cart events into purchased-vs-abandoned using visit-level EXISTS/NOT EXISTS purchase checks, not constants | CONTEXT: Hard-coded zeros or raw event_type counts miss the visit-level conversion condition | WHEN_TO_CHECK: Funnel splits where one event's status depends on whether a later event occurred in the same visit/session | EXAMPLE_USAGE: SUM(CASE WHEN add_to_cart AND EXISTS(purchase in same visit) THEN 1 END) and corresponding NOT EXISTS branch."
12,local157,bank_sales_trading,db,filter;order by;subquery;date_parsing,bitcoin_prices,bitcoin_prices.market_date;bitcoin_prices.volume,all,all,"ENSURE: Use normalized date keys (e.g., parsed YYYYMMDD integer/date) for previous-row lookups and ordering, not raw string dates | CONTEXT: Lexicographic date ordering can select wrong previous rows and corrupt daily-change metrics | WHEN_TO_CHECK: Correlated subqueries or window logic for previous/next date records | EXAMPLE_USAGE: Compare/order on parsed_date consistently in both predicates and ORDER BY."
13,local244,music,db,case;thresholds,Track,Track.Milliseconds,numeric,all,ENSURE: Duration bucket CASE thresholds must use the same unit as the source column and match intended boundaries exactly | CONTEXT: The source duration is in milliseconds; threshold unit mistakes silently misbucket rows | WHEN_TO_CHECK: Rule-based bucketization of numeric measurements | EXAMPLE_USAGE: Define short/medium/long using millisecond boundaries if the column is Milliseconds.
14,local244,music,db,aggregation;case;labels,Track;InvoiceLine,Track.Milliseconds;InvoiceLine.UnitPrice,numeric,all,"VERIFY: If category ranges are policy-defined, output boundary labels from rule constants rather than observed MIN/MAX per bucket | PRINCIPLE: Data-driven MIN/MAX describes sample extremes, not canonical bucket limits | WHEN_TO_APPLY: Reporting from/to labels for fixed-threshold categories | EXAMPLE_USAGE: Emit range labels via CASE on category constants while revenue remains aggregate over joined facts."
15,local264,stacking,db,filter;anti_join;top_per_group,model_score,model_score.model;model_score.score,str,all,"ENSURE: Exclude ensemble 'Stack' rows and compute best traditional model per (name,version,step) before counting L1_model frequency | CONTEXT: Counting all rows mixes candidate models and overstates category frequency | WHEN_TO_CHECK: 'Most frequent best model' style metrics | EXAMPLE_USAGE: Filter model <> 'Stack', select top score per partition, then aggregate winners."
16,local264,stacking,db,join,model_score;model,model_score.name;model_score.version,all,all,VERIFY: Use only validated key relationships in joins; avoid extra predicates (like step) unless proven part of the key relation for the target metric | PRINCIPLE: Overconstrained joins can drop valid winner rows and distort aggregate counts | WHEN_TO_APPLY: Enrichment joins after top-per-group selection | EXAMPLE_USAGE: Join on the minimal validated key set required by the metric's grain.
17,local004,E_commerce,db,aggregation;avg;sum;count;count distinct;cast,all,all,int,all,"ENSURE: When selecting AOV and ACL values, explicitly CAST them as INTEGER if the database stores them as floats but integer output is required | CONTEXT: The columns AOV and ACL in the relevant tables are stored as floats, but some reporting requirements demand integer results | WHEN_TO_CHECK: When outputting AOV or ACL from any table, especially for summary, report, or comparison queries; check if the requirement is to show whole numbers | EXAMPLE_USAGE: If the query calculates 'SELECT AVG(order_value) AS AOV', make sure to include 'CAST(AVG(order_value) AS INTEGER) AS AOV' in the final SELECT instead of just 'ROUND' or leaving the value as float. Returning '102.0' instead of '102' will fail strict integer match requirements."
18,local004,E_commerce,generic,cast;round,all,all,int,all,"VERIFY: Output data types match expected result types, especially when rounding or transforming numerical fields | PRINCIPLE: Conversion of float to integer should use an explicit CAST rather than ROUND to ensure type compliance, as ROUND may yield a float (e.g., 102.0), not an integer (e.g., 102) | WHEN_TO_APPLY: When reporting summary statistics or aggregated measures and the expected output format is integer, check the final SELECT for explicit integer casting | EXAMPLE_USAGE: To ensure exact integer output, use 'CAST(metric AS INTEGER)' in the SELECT clause. Using 'ROUND(metric, 0)' may result in '53.0' (float), which does not match '53' (integer) in strict result comparisons."
19,local004,E_commerce,db,aggregation;cast;round;avg,all,AOV,numeric,all,"ENSURE: when reporting average payment or order value using the 'AOV' calculation, CAST the result as INTEGER in the final SELECT to avoid decimal/trailing '.0' output | CONTEXT: Derived averages from order/payment data may result in float values, but output requirements in this database (as reflected by the GOLD) expect integer values (e.g., 7274 not 7274.0) | WHEN_TO_CHECK: When computing and presenting 'AOV' or similar average value columns using data from order/payment tables | EXAMPLE_USAGE: If the query computes AOV with 'AVG(payment_amount)', writing 'ROUND(AVG(payment_amount), 0)' will return '7274.0', while 'CAST(AVG(payment_amount) AS INTEGER)' or 'CAST(ROUND(AVG(payment_amount), 0) AS INTEGER)' will return '7274' as required—check that your SELECT clause applies the integer cast before returning."
20,local004,E_commerce,generic,aggregation;cast;round;avg,all,all,numeric,all,"ENSURE: Output numeric columns in the format (integer vs float) required by the expected result; use explicit CAST or FLOOR/ROUND as appropriate | PRINCIPLE: Even when numeric values are equivalent, differences in type/format (7274.0 vs 7274) can cause output mismatches; casting to the required type ensures alignment with expectations | WHEN_TO_APPLY: When result sets require integer output but aggregation or arithmetic naturally returns floats/decimals | EXAMPLE_USAGE: When 'SELECT AVG(amount) AS avg_amt' returns 6929.0 but the required answer is '6929', use 'CAST(AVG(amount) AS INTEGER)' in your SELECT clause; missing this can cause otherwise correct answers to fail automated checks due to formatting mismatches."
21,local007,Baseball,db,aggregation;avg;cast;round;strftime;where;filter,player,player.debut_date,date,all,"ENSURE: when calculating the career span between debut_date and last_match_date in the player table, extract year, month, and day directly using strftime and cast to integer before subtracting, rather than relying on julianday differences | CONTEXT: The player table contains date columns debut_date and last_match_date, and accurate computation of years, months, days between these columns depends on direct component extraction, not floating-point day differences | WHEN_TO_CHECK: Whenever measuring the span between debut and last match (e.g., for average career length or tenure analysis using player.debut_date and player.last_match_date) | EXAMPLE_USAGE: Correct: '(CAST(strftime('%Y', last_match_date) AS INTEGER) - CAST(strftime('%Y', debut_date) AS INTEGER))' for years; Incorrect: '(julianday(last_match_date) - julianday(debut_date))/365' leads to rounding errors and imprecise durations especially around leap years or partial years."
22,local007,Baseball,generic,aggregation;avg;cast;strftime;where;filter;subquery,all,all,date,all,"VERIFY: when calculating the span in years, months, or days between two dates, extract each date part with a function like strftime (or equivalent) and subtract, instead of dividing a day difference | PRINCIPLE: Dividing total day differences (e.g., using julianday) by 365 or 30 assumes uniform year/month lengths, which introduces inaccuracies; extracting and subtracting individual year/month/day parts preserves calendar correctness | WHEN_TO_APPLY: Whenever calculating elapsed time, such as career duration or age, reported in years, months, or days between two date columns | EXAMPLE_USAGE: Correct approach—calculate years with '(CAST(Year2 AS INT) - CAST(Year1 AS INT))'; incorrect approach—use '(julianday(Date2) - julianday(Date1))/365' or '(Date2 - Date1)/365', which can misrepresent intervals for most real-world cases due to leap years, differing month lengths, and non-integer durations."
23,local010,Airlines,db,aggregation;group by;where;join;avg;count;order by;limit,flights,"flights.dep_city_en, flights.arr_city_en",str,all,"ENSURE: treat each (dep_city_en, arr_city_en) pair in the flights table as a unique, directional city pair, rather than collapsing or reordering them as undirected pairs | CONTEXT: flights table has dep_city_en (departure city) and arr_city_en (arrival city); counting or binning city pairs lexicographically groups both directions together, but each direction should be counted separately in directional route analysis | WHEN_TO_CHECK: When grouping or aggregating flights data by city pairs using dep_city_en and arr_city_en | EXAMPLE_USAGE: When counting unique city pairs, use GROUP BY dep_city_en, arr_city_en to treat ""CityA → CityB"" as distinct from ""CityB → CityA"". An incorrect approach would be to group by the lexicographically sorted pair (e.g., LEAST/ GREATEST functions), which merges both directions and understates the number of directional routes."
24,local010,Airlines,generic,aggregation;group by;where;count,all,all,all,all,"VERIFY: directionality of entity-pairs is explicitly respected in queries when measuring routes, flows, or connections | PRINCIPLE: Entity-pairs (e.g., (A, B)) can be directional (A→B is distinct from B→A) or undirectional (A↔B); applying undirected logic to directional data aggregates opposing relationships incorrectly | WHEN_TO_APPLY: Whenever grouping, counting, or binning data by two attributes representing source and target (e.g., origin/destination, sender/receiver, from/to), check whether directional integrity is required | EXAMPLE_USAGE: If the analytic goal is to count all direct flights from one city to another, use GROUP BY source, target without reordering them. If you instead GROUP BY sorted pairs (e.g., GROUP BY LEAST(source, target), GREATEST(source, target)), you will conflate the counts for both directions, masking asymmetries in the data."
25,local015,California_Traffic_Collision,db,case;filter;aggregation;group by;like,parties,parties.party_safety_equipment_1,str,all,"ENSURE: helmet_status categorization includes an explicit group for 'helmet_not_used' when processing the primary helmet use column from accident records | CONTEXT: The accidents table (or relevant incident data table) contains a helmet use field with several categories; omitting an explicit 'helmet_not_used' mapping leads to misgrouped or missing statistics | WHEN_TO_CHECK: Whenever calculating or grouping by helmet use status (such as aggregating deaths or injuries by helmet type) using the helmet use column in the accidents or related table | EXAMPLE_USAGE: When constructing a CASE statement to group helmet use in the accidents table, ensure a line like ""WHEN helmet_use = 'helmet_not_used' THEN 'helmet_not_used'"" is present. Missing this explicit mapping can conflate non-use cases with 'unknown' or 'other', leading to inaccurate reporting of helmet-related injury or fatality ratios."
26,local015,California_Traffic_Collision,generic,case;group by;aggregation,all,all,all,all,"ENSURE: All possible categorical values present in source data are explicitly handled in CASE or grouping logic | PRINCIPLE: When categorizing records by a field with multiple known explicit values (e.g., usage flags, device types), ensure every value has a direct mapping in CASE/WHEN statements to avoid grouping omissions or misclassification | WHEN_TO_APPLY: Whenever writing CASE statements or aggregating by categorical fields with discrete, enumerated values | EXAMPLE_USAGE: If a column contains {'A', 'B', 'C', 'D'}, do not write CASE WHEN col='A' THEN... WHEN col='B' THEN... ELSE 'Other' END, as this groups 'C' and 'D' together. Instead, provide an explicit WHEN for every known value: CASE WHEN col='A' THEN 'A' WHEN col='B' THEN 'B' WHEN col='C' THEN 'C' WHEN col='D' THEN 'D' END. This avoids accidental under-counts or group merging for important discrete categories."
27,local020,cricket,db,select;join;group by;sum;union all;where;filter;division,ball_by_ball;batsman_scored;extra_runs;wicket_taken;player,match_id;over_id;ball_id;innings_no;runs_scored;extra_type;player_out,id;numeric,all,"ENSURE: When aggregating bowling statistics from ball_by_ball, join to batsman_scored AND extra_runs on ALL FOUR composite keys (match_id, over_id, ball_id, innings_no) to prevent run misattribution | CONTEXT: The cricket schema identifies each delivery by all four dimensions; joining on fewer keys creates unintended cross-over or cross-match row multiplication, inflating runs-conceded totals | WHEN_TO_CHECK: When computing total runs conceded per bowler by UNION ALL of batting runs and extras (wides, no-balls only—exclude byes/leg-byes which are not charged to the bowler), then aggregating by bowler | EXAMPLE_USAGE: 'JOIN batsman_scored bs ON bb.match_id=bs.match_id AND bb.over_id=bs.over_id AND bb.ball_id=bs.ball_id AND bb.innings_no=bs.innings_no'. Also filter extra_runs WHERE extra_type IN (''wides'',''noballs''). Always include WHERE total_wickets_taken > 0 before computing bowling_average = runs/wickets to avoid division by zero."
28,local020,cricket,generic,select;join;group by,all,all,id,all,"VERIFY: When joining tables whose primary key is composite (3 or more columns), include ALL key components in the JOIN condition—never only a subset | PRINCIPLE: Joining on a partial composite key creates a many-to-many cross-product between matching rows, silently multiplying row counts and inflating any SUM or COUNT aggregate with no error message | WHEN_TO_APPLY: Whenever the joined tables share a composite primary key of 3 or more columns | EXAMPLE_USAGE: For key (match_id, over_id, ball_id, innings_no), the JOIN must use all four columns: 'A.match_id=B.match_id AND A.over_id=B.over_id AND A.ball_id=B.ball_id AND A.innings_no=B.innings_no'. Omitting ball_id or innings_no joins entire overs or innings together, multiplying rows by the number of deliveries in that over/innings—a silent correctness bug."
29,local021,IPL,db,group by;aggregation;sum,batsman_scored,batsman_scored.striker,int,all,"ENSURE: When calculating strikers' total run aggregates, GROUP BY striker alone unless analysis must be per-match | CONTEXT: In the context of the batsman_scored table (containing columns like striker, match_id, runs_scored), grouping by both striker and match_id produces per-match results, not aggregates across all matches for each striker | WHEN_TO_CHECK: When summarizing total or average runs for each striker using the batsman_scored table | EXAMPLE_USAGE: For career-level analysis, use 'SELECT striker, SUM(runs_scored) FROM batsman_scored GROUP BY striker'; including match_id as in 'GROUP BY striker, match_id' would instead yield match-level results and fragment the aggregate."
30,local021,IPL,db,filter;aggregation;group by;having;subquery;sum,batsman_scored,batsman_scored.striker,int,all,"ENSURE: To filter for strikers who scored over 50 in any match, use a WHERE IN (subquery) with a per-match aggregation from batsman_scored | CONTEXT: batsman_scored provides runs_scored per striker per match; identifying strikers with match scores over 50 requires first computing total runs per striker per match (GROUP BY striker, match_id), then filtering strikers accordingly | WHEN_TO_CHECK: When restricting analysis to players with high individual match performances based on batsman_scored data | EXAMPLE_USAGE: Correct: 'WHERE striker IN (SELECT striker FROM batsman_scored GROUP BY striker, match_id HAVING SUM(runs_scored) > 50)'. Incorrect: Filtering on SUM(runs_scored) > 50 in the outer/main aggregation without reference to match granularity will not identify strikers by single-match feats."
31,local021,IPL,generic,group by;aggregation;avg;sum,all,all,all,all,"VERIFY: The aggregation grain in GROUP BY matches the metric being calculated | PRINCIPLE: Aggregating with too many (or too few) columns in GROUP BY changes the meaning of aggregates and may yield averages or sums at the wrong level | WHEN_TO_APPLY: When using GROUP BY and calculating summaries like AVG(), SUM(), or COUNT() in any query | EXAMPLE_USAGE: If the goal is average total runs per player, 'GROUP BY player_id' is correct; 'GROUP BY player_id, match_id' gives per-match numbers and averaging those leads to a different, usually undesired, result."
32,local021,IPL,generic,filter;subquery;aggregation;group by;having;sum,all,all,all,all,"CHECK: Qualification filters based on per-group performance require subqueries with matching grouping logic | PRINCIPLE: To filter records based on whether an entity meets a per-group criterion (e.g., player has >50 in any event), a subquery that aggregates at that group level is needed | WHEN_TO_APPLY: Whenever a filter is required for entities with at least one instance meeting a group-based threshold | EXAMPLE_USAGE: For ""students who scored above 90 in any class"", use a subquery: 'WHERE student_id IN (SELECT student_id FROM grades GROUP BY student_id, class_id HAVING SUM(score) > 90)'; filtering with 'HAVING SUM(score) > 90' in a semester-level group would be incorrect."
33,local024,IPL,db,sum;count distinct;group by;aggregation,player_in_match,player_in_match.player_id,int,all,"ENSURE: When calculating per-player averages from the player_in_match table, use SUM(runs_scored) divided by COUNT(DISTINCT match_id) rather than AVG(match_runs) to get the correct average runs per match for each player | CONTEXT: player_in_match contains player_id, match_id, and runs_scored; simply averaging match_runs can misrepresent performance if a player appears multiple times in a match | WHEN_TO_CHECK: When aggregating player performance using player_in_match for per-match calculations | EXAMPLE_USAGE: Correct: 'SELECT player_id, SUM(runs_scored) / COUNT(DISTINCT match_id) AS avg_runs_per_match FROM player_in_match GROUP BY player_id'; Incorrect: 'SELECT player_id, AVG(runs_scored) AS avg_runs_per_match FROM player_in_match GROUP BY player_id' (misleads if player has multiple rows per match)"
34,local024,IPL,db,round;avg;aggregation;group by;order by;limit;desc;asc,country_averages,country_averages.country_batting_avg,numeric,all,"ENSURE: When aggregating to the country level, round average results such as country_batting_avg to a consistent number of decimal places, e.g., 6, for output consistency | CONTEXT: Final SELECT applies ROUND(AVG(...), 6) to the per-country values | WHEN_TO_CHECK: When generating leaderboard or summary tables for country performance metrics | EXAMPLE_USAGE: Correct: 'SELECT country_name, ROUND(AVG(player_avg), 6) FROM ...'; Incorrect: 'SELECT country_name, AVG(player_avg) FROM ...' (output may have inconsistently formatted decimals)"
35,local024,IPL,generic,sum;count distinct;avg;aggregation;group by,all,all,all,all,"VERIFY: When calculating individual-level averages across groups (such as per-player averages), do not use AVG on a raw column if there can be multiple rows per entity per grouping—aggregate at the correct grain first, then average | PRINCIPLE: Aggregating a lower-level metric (e.g., runs per row) without first rolling up to the desired grouping (e.g., runs per match) can produce incorrect, underestimated averages if multiple rows exist per group | WHEN_TO_APPLY: Whenever an entity (player, team, etc.) can have multiple rows per higher-level group (match, game) and you want per-group averages | EXAMPLE_USAGE: Correct: Compute per-player, per-match sums first, then calculate per-player averages over matches: 'SELECT player_id, SUM(runs) / COUNT(DISTINCT match_id)'; Incorrect: 'SELECT player_id, AVG(runs) FROM ...' (if multiple rows per match, this underestimates true average per match)"
36,local024,IPL,generic,round,all,all,all,all,"ENSURE: ROUND aggregate outputs to the expected decimal precision for consistency with required output formats | PRINCIPLE: Output requirements may dictate fixed decimal places even if aggregates produce floating point values | WHEN_TO_APPLY: When output is expected to be formatted to a specific decimal precision | EXAMPLE_USAGE: Correct: 'SELECT ROUND(AVG(value), 6) ...'; Incorrect: 'SELECT AVG(value) ...' (may display extra decimals or floating point noise)"
37,local037,Brazilian_E_Commerce,db,join;group by;aggregation;distinct;count;where;order by;limit;row_number;partition by;over;cte_definition,olist_order_items,olist_order_items.order_id,int,all,"ENSURE: deduplicate on order_id, product_category_name, and payment_type before aggregating payment counts from payment, product, and order_items tables | CONTEXT: Each order can contain multiple products and payment types, so joining payment, product, and order_items without deduplication can lead to multiple rows per (order_id, product_category_name, payment_type), causing overcounting | WHEN_TO_CHECK: When calculating counts or aggregations involving payment, product, and order_items tables, especially on payment_type or product_category_name | EXAMPLE_USAGE: Incorrect: Selecting and counting payments per product category and payment_type directly after joining payment, product, and order_items tables can result in duplicated counts due to the 1-to-many relationships. Correct: First, select DISTINCT order_id, product_category_name, and payment_type from the joined tables, then aggregate on this deduped set to get accurate counts per category and payment_type."
38,local037,Brazilian_E_Commerce,db,join;group by;aggregation;distinct;count;where;order by;limit;row_number;partition by;over;cte_definition,olist_products,olist_products.product_category_name,str,all,"ENSURE: deduplicate on order_id, product_category_name, and payment_type before aggregating payment counts from payment, product, and order_items tables | CONTEXT: Each order can contain multiple products and payment types, so joining payment, product, and order_items without deduplication can lead to multiple rows per (order_id, product_category_name, payment_type), causing overcounting | WHEN_TO_CHECK: When calculating counts or aggregations involving payment, product, and order_items tables, especially on payment_type or product_category_name | EXAMPLE_USAGE: Incorrect: Selecting and counting payments per product category and payment_type directly after joining payment, product, and order_items tables can result in duplicated counts due to the 1-to-many relationships. Correct: First, select DISTINCT order_id, product_category_name, and payment_type from the joined tables, then aggregate on this deduped set to get accurate counts per category and payment_type."
39,local037,Brazilian_E_Commerce,db,join;group by;aggregation;distinct;count;where;order by;limit;row_number;partition by;over;cte_definition,olist_order_payments,olist_order_payments.payment_type,str,all,"ENSURE: deduplicate on order_id, product_category_name, and payment_type before aggregating payment counts from payment, product, and order_items tables | CONTEXT: Each order can contain multiple products and payment types, so joining payment, product, and order_items without deduplication can lead to multiple rows per (order_id, product_category_name, payment_type), causing overcounting | WHEN_TO_CHECK: When calculating counts or aggregations involving payment, product, and order_items tables, especially on payment_type or product_category_name | EXAMPLE_USAGE: Incorrect: Selecting and counting payments per product category and payment_type directly after joining payment, product, and order_items tables can result in duplicated counts due to the 1-to-many relationships. Correct: First, select DISTINCT order_id, product_category_name, and payment_type from the joined tables, then aggregate on this deduped set to get accurate counts per category and payment_type."
40,local037,Brazilian_E_Commerce,generic,join;group by;aggregation;distinct;count;cte_definition,all,all,all,all,"VERIFY: deduplication on key columns is applied before aggregation when joining several tables with potential 1-to-many relationships | PRINCIPLE: When aggregating over joined tables that can produce multiple logically identical records due to join fanout, it's necessary to use DISTINCT on the grouping keys before final aggregation | WHEN_TO_APPLY: Whenever a join multiplies rows per grouping key, especially across bridge tables or with non-unique relationships, prior to GROUP BY or aggregation | EXAMPLE_USAGE: When counting unique actions (e.g., user_id and action_type) from tables linked via joins that can multiply rows, first select DISTINCT user_id, action_type from the join result, then aggregate. Incorrect: COUNT(*) directly from the join. Correct: Use a subquery or CTE to deduplicate, then count."
41,local039,SQLITE_SAKILA,db,select;join;group by;sum;cast;filter;where;limit;like,category;rental;city;film;inventory;customer;address,category_id;film_id;inventory_id;rental_id;customer_id;address_id;city_id;return_date;rental_date,id;date,all,"ENSURE: When querying rental duration aggregated by film category and filtered by city name patterns, define all intermediate CTEs (eligible_cities, rental_hours, film_category_map) fully in the WITH clause before referencing them in the final SELECT | CONTEXT: The SAKILA schema requires traversing category → film_category → film → inventory → rental → customer → address → city to link film categories to cities; omitting any intermediate CTE definition causes 'no such table' errors at runtime | WHEN_TO_CHECK: When building queries that join category to city or aggregate rental hours by category with city name filters | EXAMPLE_USAGE: Define CTEs in order—eligible_cities (WHERE LOWER(city) LIKE 'a%' OR city LIKE '%-%'), rental_hours (CAST((JULIANDAY(return_date)-JULIANDAY(rental_date))*24 AS INTEGER)), film_category_map (joining film_category to film to inventory to rental)—then reference all three in the final SELECT. Missing any CTE from the WITH clause causes a runtime error even if the logic is otherwise correct."
42,local039,SQLITE_SAKILA,generic,select;cte;with,all,all,all,all,"VERIFY: Every CTE name referenced in the main SELECT or in downstream CTEs is fully defined as a named block in the WITH clause before it is used | PRINCIPLE: SQL engines process CTEs in definition order; referencing a CTE that is not yet defined—or whose definition was accidentally omitted—causes a 'no such table' runtime error with no warning at parse time | WHEN_TO_APPLY: Whenever a query uses a WITH clause with multiple interdependent CTEs | EXAMPLE_USAGE: If the final SELECT references eligible_cities, rental_hours, and category_hours, all three must appear as named CTE blocks. A WITH clause that defines only one of them will silently fail on the others. Always trace each referenced name back to its definition block before running."
43,local040,modern_data,db,aggregation;group by,tree_income,tree_income.boroname,str,all,"ENSURE: Aggregate mean income at the boroname (borough) level, not the (boroname, zipcode) level, unless explicitly asked for zipcode-level results | CONTEXT: The tree_income table contains both boroname and zipcode fields; aggregating by both yields per-zipcode statistics instead of borough-level summaries | WHEN_TO_CHECK: Whenever calculating borough-level statistics from tree_income | EXAMPLE_USAGE: For mean income per borough, use 'GROUP BY boroname'. Incorrect: 'GROUP BY boroname, zipcode'—this splits groups by both, returning multiple rows per borough instead of one."
44,local040,modern_data,db,where;filter;aggregation;group by,tree_income,tree_income.boroname,str,Yes,"REMEMBER: Apply filters to exclude NULL or empty boroname entries when aggregating borough statistics from tree_income | CONTEXT: Some records in tree_income may have boroname as NULL or empty string, which skews grouping and summary stats | WHEN_TO_CHECK: When summarizing or aggregating by boroname from tree_income | EXAMPLE_USAGE: Correct: include 'WHERE boroname IS NOT NULL AND boroname != ''' when grouping by boroname. Incorrect: omitting this filter leads to extra, incorrect groups with missing borough information."
45,local040,modern_data,generic,aggregation;group by,all,all,all,all,"ENSURE: The aggregation grain in GROUP BY aligns precisely with the desired output level | PRINCIPLE: Output row count and aggregation are determined by the columns in GROUP BY. Including unintended columns subdivides results, causing wrong granularity and extra rows | WHEN_TO_APPLY: Whenever aggregating data for grouped output, double-check GROUP BY only covers necessary dimensions | EXAMPLE_USAGE: For summary stats per region, 'GROUP BY region' is correct; adding 'GROUP BY region, subregion' splits groups further and returns one row per subregion, inflating row count if only region-level output is desired."
46,local040,modern_data,generic,where;filter;group by;aggregation,all,all,all,Yes,"VERIFY: Filters on grouping columns (e.g., excluding NULLs or blanks) are present to prevent misleading aggregation | PRINCIPLE: Unfiltered NULLs or blanks in grouping columns create extra, unwanted output groups and can distort summary statistics | WHEN_TO_APPLY: When any GROUP BY column could have NULL or empty values | EXAMPLE_USAGE: On grouping by location, always apply 'WHERE location IS NOT NULL AND location != ''' to avoid extra empty or null-named groups; missing this step causes incorrect total and extra rows in the result."
47,local041,modern_data,db,aggregation;count;round;numeric_precision;where;division;percent;cte_definition,all,all,numeric,all,"REMEMBER: Ensure numerical results in financial or quantitative calculations using columns from [actual database tables, e.g., pricing, metrics] are rounded to match required decimal format | CONTEXT: Queries with columns such as amounts, averages, or calculated rates may produce excessive decimal precision leading to formatting mismatches | WHEN_TO_CHECK: When outputting computed values from numeric columns in tables such as pricing, finances, or scoring metrics | EXAMPLE_USAGE: If the question requires two decimal places, use 'ROUND(amount, 2)' in the SELECT clause. Without this, 'SELECT AVG(price)' might yield '78.153333...' instead of the required '78.15'."
48,local041,modern_data,generic,aggregation;round;numeric_precision,all,all,numeric,all,"ENSURE: Output numeric results are rounded to the required decimal precision as stated in the task | PRINCIPLE: SQL calculations may return high-precision values; missing explicit rounding can cause output mismatches even if the core calculation logic is correct | WHEN_TO_APPLY: Whenever computed numeric results are included in the SELECT output, especially for financial or reporting queries where a specific format is required | EXAMPLE_USAGE: When a query produces '78.153333...' but the required output is '78.15', wrap the expression with 'ROUND(expression, 2)' in the SELECT clause. Not doing this leads to mismatched formatting against the expected results."
49,local055,chinook,db,aggregation;round;abs;sum;avg;group by;order by;limit;join;where,all,all,numeric,all,"REMEMBER: If the logic requires numerical comparison or precision reporting on columns from your database tables, verify whether rounding is required to match specifications or to avoid floating-point discrepancies | CONTEXT: Numeric outputs derived from calculations on your database's number/decimal-type columns may produce more decimal places than needed, potentially causing mismatches against spec or GOLD output | WHEN_TO_CHECK: When SELECTing or computing values that require precise decimal formatting, such as calculated differences, averages, or ratios based on numeric columns | EXAMPLE_USAGE: If the final calculation is ABS(value1 - value2), make sure to wrap with ROUND(ABS(value1 - value2), 9) if expected output is to 9 decimal places. Not applying ROUND may result in outputs like 1.2333333333333334 instead of the required 1.233333333."
50,local055,chinook,generic,aggregation;round;abs;sum;avg;group by;order by;limit;join;where,all,all,numeric,all,"ENSURE: Numerical calculations in SELECT clauses are explicitly rounded to the required number of decimal places where output formatting or test exactness depends on it | PRINCIPLE: Floating-point arithmetic in SQL can produce results with imprecise or extra decimal digits; rounding ensures consistent, test-aligned results | WHEN_TO_APPLY: Whenever final SELECT statements output computed numeric values that must align with strict formatting or answer tolerances | EXAMPLE_USAGE: If a question requires output to 9 decimal places, use ROUND(expression, 9). For example, ROUND(ABS(a - b), 9) is correct; simply using ABS(a - b) may yield slight precision differences and cause answer mismatches."
51,local056,SQLITE_SAKILA,db,aggregation;avg;abs,customers,customers.change,numeric,all,"ENSURE: When calculating average monthly change using the 'change' column from the customers table, compute AVG(ABS(change)) rather than AVG(change) to get the average absolute change | CONTEXT: The 'customers' table stores per-month monetary 'change' amounts, which can be positive or negative; analyzing average customer volatility requires treating the change's magnitude, not its direction | WHEN_TO_CHECK: Whenever calculating customer average change over time using the 'change' column from the 'customers' table | EXAMPLE_USAGE: 'SELECT AVG(ABS(change)) FROM customers' is correct to find average month-to-month dollar change; 'SELECT AVG(change) FROM customers' incorrectly cancels out gains and losses, providing a misleadingly low value for volatility analysis."
52,local056,SQLITE_SAKILA,db,filter;where;null_handling,customers,customers.prev_month_amount,numeric,Yes,"VERIFY: Exclude months where no previous month value exists (i.e., prev_month_amount IS NULL) when analyzing month-over-month changes in the customers table | CONTEXT: The first available data month for a customer will have prev_month_amount as NULL, signaling no change should be computed for that record | WHEN_TO_CHECK: When computing average or total change metrics using 'change' and 'prev_month_amount' columns of the customers table | EXAMPLE_USAGE: 'WHERE prev_month_amount IS NOT NULL' ensures only valid month pairs are included; Omitting this filter (e.g., 'SELECT ... FROM customers') means the first month per customer could include NULL or misleading zero change, distorting averages."
53,local056,SQLITE_SAKILA,generic,aggregation;avg;abs,all,all,numeric,all,"VERIFY: When calculating average change over time, use AVG(ABS(value_difference)) if measuring volatility or typical size of change, not AVG(value_difference) | PRINCIPLE: The average of signed changes can net out gains and losses, understating actual volatility or change magnitude; the absolute average captures typical movement size regardless of direction | WHEN_TO_APPLY: Any time an average of change, delta, or difference is needed and the analysis cares about magnitude rather than direction | EXAMPLE_USAGE: In computing customer average monthly account changes, 'AVG(ABS(amount - prev_amount))' reflects gross activity; using 'AVG(amount - prev_amount)' could mask churn due to offsetting positive and negative changes."
54,local056,SQLITE_SAKILA,generic,filter;where;null_handling,all,all,all,Yes,"ENSURE: Rows without an appropriate prior period (i.e., no valid basis for difference calculation) are excluded from change/difference aggregations | PRINCIPLE: Including records with missing or NULL values in difference calculations leads to inaccurate results; differences require an existing prior value | WHEN_TO_APPLY: Whenever computing change between periods (dates, months, events), especially when the earliest record for each entity lacks a ""previous"" value | EXAMPLE_USAGE: When measuring month-to-month customer balance changes, filter out first month per customer (where prior balance is NULL); otherwise, averages and totals may reflect spurious or NULL values."
55,local059,education_business,db,where;filter;date;aggregation;group by,hardware_fact_sales_monthly,hardware_fact_sales_monthly.date,date,all,"ENSURE: When filtering for 2021 sales data in the sales table, use ""date LIKE '2021-%'"" on the date column rather than fiscal_year = 2021 | CONTEXT: The sales table contains both a fiscal_year column and a date column; fiscal_year may not always align with the actual calendar year dates, leading to potential inclusion of ineligible records in yearly aggregates if fiscal_year is used | WHEN_TO_CHECK: Whenever extracting or aggregating data for the 2021 calendar year from the sales table | EXAMPLE_USAGE: Correct—WHERE s.date LIKE '2021-%' ensures only sales with actual 2021 dates are included; Incorrect—WHERE s.fiscal_year = 2021 can include sales with transaction dates outside 2021 or exclude valid 2021 records if fiscal definitions differ from calendar years."
56,local059,education_business,generic,where;filter;date;aggregation;group by,all,all,all,all,"VERIFY: Date-based filters use precise date columns rather than fiscal or derived year columns unless fiscal/budget periods are explicitly required | PRINCIPLE: Direct filtering on date or timestamp columns ensures alignment with target calendar periods, whereas year or fiscal fields may have different definitions or shifts; this affects accuracy in period-based aggregates | WHEN_TO_APPLY: When queries need to extract data for an exact calendar period (e.g., the 2021 calendar year) and tables have multiple period/temporal columns (calendar date, fiscal_year, etc.) | EXAMPLE_USAGE: When restricting sales records to 2021, filtering with ""WHERE date_col LIKE '2021-%'"" or ""EXTRACT(YEAR FROM date_col) = 2021"" is correct for calendar-year aggregates; using ""WHERE fiscal_year = 2021"" may include records from adjacent years if fiscal definitions differ, resulting in over/under-counting."
57,local064,bank_sales_trading,db,cross join,customers,all,all,all,"ENSURE: Generate all required customer/month combinations by CROSS JOINing the customers table with a months table or series when calculating periodic balances, to cover periods with no transactions | CONTEXT: The customers table contains all customers, and periodic reporting must report for all months and all customers, even if no matching transaction rows exist in the transactions table | WHEN_TO_CHECK: When determining balances or activity summaries per customer per month from customers and transactions | EXAMPLE_USAGE: To produce month-end balances including zero-activity months, CROSS JOIN customers with a months table (e.g., generating all months for 2020) before joining with transactions. Failing to do this and directly filtering from transactions will exclude months where customers had no transactions."
58,local064,bank_sales_trading,db,cross join;left join;aggregation,customer_months,all,all,all,"VERIFY: Use a LEFT JOIN from the customer/month master set (built from customers CROSS JOIN months) to the transactions table when calculating sums, to ensure customers/months with no transactions are retained in results | CONTEXT: The transactions table may lack records for given customer-month pairs; LEFT JOIN preserves all pairs from the CROSS JOIN | WHEN_TO_CHECK: When relating customers/months to transactions data to compute balances or transactional aggregates | EXAMPLE_USAGE: Starting from all possible customer-month pairs, LEFT JOIN to transactions to allow months with no activity to show zero balances. Using INNER JOIN or filtering only on transactions drops such periods from results."
59,local064,bank_sales_trading,db,aggregation,customer_transactions,customer_transactions.txn_type,str,all,"ENSURE: Both 'deposit' and 'purchase' transaction types are included and correctly signed (add for deposits, subtract for purchases) when calculating net changes to balances from the transactions table | CONTEXT: The transactions table distinguishes transaction types; 'deposit' should count positively, 'purchase' negatively | WHEN_TO_CHECK: When aggregating or calculating balance changes from transactions | EXAMPLE_USAGE: When calculating balances, sum 'deposit' amounts as positive and 'purchase' amounts as negative. Omitting 'purchase' types leads to inflated end balances."
60,local064,bank_sales_trading,db,coalesce;aggregation;left join,month_end_balances,all,numeric,Yes,"REMEMBER: Null sums from months with no matching transactions must be converted to zero using COALESCE or similar functions to report correct balances | CONTEXT: Aggregating over LEFT JOINs between customer/months and transactions may yield NULLs where no transactions exist | WHEN_TO_CHECK: When reporting sums (e.g., SUM(amount)) after LEFT JOINs from customer/months to transactions | EXAMPLE_USAGE: Use COALESCE(SUM(...), 0) so customer-months with no transactions appear as zero instead of NULL; omitting COALESCE produces NULLs that are incorrect for financial reporting."
61,local064,bank_sales_trading,generic,cross join;left join,all,all,all,all,"ENSURE: For completeness in period-based reports, create a master set of all expected entity/time combinations (e.g., every user/month) prior to joining with events, using CROSS JOIN with a calendar or series table | PRINCIPLE: When calculating summaries over time (or other dimensions), events tables alone may be incomplete due to missing rows for inactive periods | WHEN_TO_APPLY: Whenever the desired output requires data for all entities and all time periods, not just those present in a fact table | EXAMPLE_USAGE: When producing a table of balances per user per month, first CROSS JOIN all users with all required months, then LEFT JOIN to the event or fact table (e.g., transactions). If you just select from events, users with no events in some months will be omitted."
62,local064,bank_sales_trading,generic,left join;aggregation,all,all,all,all,"VERIFY: Use LEFT JOIN from the entity/dimension set to event/fact tables when aggregating, to preserve all expected output rows—even those with no matching facts | PRINCIPLE: LEFT JOIN ensures inclusion of dimension entities with no associated facts, while INNER JOIN omits them | WHEN_TO_APPLY: When the output must list all entities/dimension values even if they have missing/missing facts | EXAMPLE_USAGE: LEFT JOIN a users/dates set to an events table to ensure inactive users or periods appear as zero/null counts; using INNER JOIN would drop these cases."
63,local064,bank_sales_trading,generic,aggregation,all,all,all,all,"CHECK: Assign correct positive or negative signs to different types of transactions or events when aggregating net value | PRINCIPLE: Transaction or event types may represent additions or deductions in aggregates and must be signed accordingly | WHEN_TO_APPLY: When an aggregation depends on the type of transaction/event to determine whether to add/subtract value | EXAMPLE_USAGE: When summing amounts to compute balances, ensure credits are added and debits/purchases are subtracted. Omitting/ignoring the sign distinction yields inflated or incorrect totals."
64,local064,bank_sales_trading,generic,coalesce;aggregation;left join,all,all,all,Yes,"ENSURE: Use COALESCE (or ISNULL) to convert NULLs to zero when aggregating after LEFT JOINs, to avoid NULLs in numerical results for missing facts | PRINCIPLE: Aggregates such as SUM on unmatched LEFT JOINs will return NULL rather than zero by default | WHEN_TO_APPLY: When reporting numeric aggregates in presence of possible missing values from an OUTER JOIN | EXAMPLE_USAGE: In a user/month aggregate, use COALESCE(SUM(amount), 0) to report zero when no data is present; omitting COALESCE leads to NULL, which is often undesirable."
65,local068,city_legislation,db,aggregation;window;round;filter;partition by,all,all,numeric,all,"REMEMBER: whenever presenting calculated year-over-year growth metrics, ensure the numeric precision matches expected output (e.g., 14 decimal places) and the value is formatted with a trailing '%' sign | CONTEXT: Year-over-year calculations often use ROUND() functions in SELECT statements or computed columns, and post-formatting is required for presentation; lacking the high precision or missing the '%' can cause validation failures against GOLD output | WHEN_TO_CHECK: When selecting or displaying calculated growth rate columns like year_over_year or total_year_over_year from aggregated/statistical results | EXAMPLE_USAGE: For a value like (new - old)/old * 100, use 'ROUND(..., 14) || '%'' to produce '6.976744186046512%' instead of just '6.98' or '6.98%' (missing required significant digits)."
66,local068,city_legislation,generic,round;aggregation,all,all,numeric,all,"ENSURE: numeric presentation precision and formatting exactly matches specification for calculated output columns | PRINCIPLE: Even small differences in rounding or formatting (such as omitting trailing zeros or symbols like '%') can yield validation differences, so output must match the required specification | WHEN_TO_APPLY: Whenever producing or displaying numerically derived columns intended for direct result consumption or comparison (such as ratios, growth rates, or percentages) | EXAMPLE_USAGE: If required to present a percentage value at 14 decimal places with a '%' sign, write ""ROUND(calc, 14) || '%'"", not just ROUND(calc, 2) or ROUND(calc, 14); omitting digits or symbols (e.g., '6.98' or '6.98%' for '6.976744186046512%') causes mismatches."
67,local071,world_cities,db,select;distinct;row_number;over;partition by;order by;group by;julianday;where;filter,cities,country_code_2;insert_date,date;id,all,"ENSURE: When computing the longest streak of consecutive insert_date values per country in the cities table, apply SELECT DISTINCT on (country_code_2, insert_date) before computing ROW_NUMBER() to avoid duplicate streak counts when multiple cities share the same insert date | CONTEXT: Multiple cities may be inserted on the same date in the same country; without DISTINCT the same date receives different row numbers, creating artificial gaps that break julianday-minus-row-number streak grouping | WHEN_TO_CHECK: When using the julianday(insert_date) - ROW_NUMBER() OVER (PARTITION BY country_code_2 ORDER BY insert_date) trick to group consecutive dates | EXAMPLE_USAGE: 'WITH deduped AS (SELECT DISTINCT country_code_2, insert_date FROM cities WHERE ...) SELECT country_code_2, julianday(insert_date) - ROW_NUMBER() OVER (PARTITION BY country_code_2 ORDER BY insert_date) AS grp ...'. Without the DISTINCT, two rows on the same date produce different grp values and get counted as separate streaks."
68,local071,world_cities,generic,select;distinct;row_number;over;partition by;julianday,all,all,date,all,"VERIFY: Deduplicate rows on (group_key, date_col) before applying the ROW_NUMBER()-based consecutive date streak trick | PRINCIPLE: The julianday(date) - ROW_NUMBER() method for grouping consecutive date runs requires exactly one row per (group, date); if the same date has multiple rows, they receive different row numbers making julianday(date)-N differ from julianday(date)-(N+1) and falsely breaking the streak | WHEN_TO_APPLY: Any time ROW_NUMBER() OVER (PARTITION BY ... ORDER BY date_col) is used to detect consecutive date sequences | EXAMPLE_USAGE: Always wrap in 'SELECT DISTINCT group_key, date_col FROM source_table' before the ROW_NUMBER() window. Failure to deduplicate is a silent correctness bug—the query runs without error but produces shorter streak lengths."
69,local075,bank_sales_trading,db,aggregation;sum;case;exists;not exists;filter;subquery;group by,user_event,user_event.event_type,int,all,"ENSURE: when calculating ""abandoned carts"" and ""completed purchases"" from user_event logs, event_type=2 should be paired with either a NOT EXISTS or EXISTS check for event_type=3 for the same cart context | CONTEXT: The user_event table uses event_type=2 for adding to cart and event_type=3 for purchases; distinguishing carts that were abandoned versus completed requires correct subquery logic referencing both event types | WHEN_TO_CHECK: When aggregating event counts for carts, purchases, or cart abandonment within the user_event table | EXAMPLE_USAGE: To count abandoned carts, use SUM(CASE WHEN event_type=2 AND NOT EXISTS (SELECT 1 FROM user_event AS t2 WHERE ... AND t2.event_type=3) THEN 1 ELSE 0 END). To count completed purchases, use SUM(CASE WHEN event_type=2 AND EXISTS (SELECT 1 FROM user_event AS t2 WHERE ... AND t2.event_type=3) THEN 1 ELSE 0 END). Failing to include the EXISTS/NOT EXISTS logic results in incorrect counts that cannot differentiate between abandoned and completed carts."
70,local075,bank_sales_trading,generic,aggregation;sum;case;exists;not exists;filter;subquery;group by,all,all,all,all,"VERIFY: Conditional aggregations on sequence or event tables use correlated EXISTS or NOT EXISTS subqueries to distinguish subsequent behaviors | PRINCIPLE: When different event_types in a log table represent related but sequential user actions (e.g., add-to-cart vs purchase), correlated subqueries checking for later events enable accurate ""funnel"" metrics like abandonment or completion | WHEN_TO_APPLY: When aggregating by event_type and needing to detect presence/absence of a downstream event for the same entity (e.g., user, cart, session) | EXAMPLE_USAGE: When counting how many added-to-cart actions did NOT lead to a purchase, structure aggregation as SUM(CASE WHEN event_type=2 AND NOT EXISTS (SELECT ... WHERE event_type=3 ...) THEN 1 ELSE 0 END). Simply summing event_type=2 leads to overcounting; omitting the correlated NOT EXISTS fails to exclude conversions."
71,local081,northwind,db,aggregation;count;division;multiplication;round;group by;order by,ordered_groups,ordered_groups.percentage,numeric,all,"ENSURE: ROUND precision for percentage calculations matches reporting requirements—increase to 8 decimal places where high numerical fidelity is necessary | CONTEXT: When calculating percentage values using aggregate functions and presenting results, insufficient decimal places may lead to mismatches with expected output and misinterpretation of data accuracy | WHEN_TO_CHECK: When presenting percentage results computed from aggregate expressions in any SELECT clause across tables in this database (e.g., division followed by multiplication by 100 and a ROUND function) | EXAMPLE_USAGE: Using 'ROUND(percentage, 2)' can output 33.33, but if 8 decimal places are required (as by gold output), 'ROUND(percentage, 8)' should be used for 33.33333333; insufficient precision will fail data validation even if underlying logic is otherwise correct."
72,local081,northwind,generic,aggregation;round,all,all,numeric,all,"VERIFY: Required decimal precision in numeric output matches the benchmark specification | PRINCIPLE: Output validation can fail if the number of decimal places retained in a computed value (e.g., a percentage in SELECT) does not strictly match the reference/gold standard, even if calculation methods are otherwise correct | WHEN_TO_APPLY: When query output includes rounded or formatted numeric values for display or matching reference results | EXAMPLE_USAGE: When required output is '42.85714286%' and the query uses 'ROUND(value, 2)' producing '42.86%', adjust to 'ROUND(value, 8)' or otherwise match the reference precision exactly. Always compare both underlying computation and output formatting to the standard."
73,local081,northwind,db,select;case;order by;group by;sum;filter;where,orders;order_details,orderid;orderdate;unitprice;quantity,numeric;date,all,"ENSURE: When presenting labeled spending-group categories (e.g., Low / Mid / High / Very High) in output, enforce the intended display sequence with an explicit CASE expression in ORDER BY—do NOT sort by MIN spend or alphabetically | CONTEXT: Alphabetical sort of labels ('High', 'Low', 'Mid', 'Very High') scrambles the logical order; MIN-spend sort produces unintended ordering depending on bucket boundary values | WHEN_TO_CHECK: When the final SELECT includes categorical spending or size group labels that must appear in a specific non-alphabetical sequence | EXAMPLE_USAGE: 'ORDER BY CASE group_label WHEN ''Low'' THEN 1 WHEN ''Mid'' THEN 2 WHEN ''High'' THEN 3 WHEN ''Very High'' THEN 4 END'. Also: do NOT apply ROUND() to group percentage values when the expected output is full-precision (e.g., 33.33333333...); rounding to 2 decimals will fail exact match validation."
74,local097,DB_IMDB,db,join;left join;cast;substr;filter;aggregation;group by;where;order by;limit;distinct,Movie,Movie.year,date,all,"ENSURE: when extracting the year from the 'movies.year' column, use CAST(SUBSTR(movies.year, -4, 4) AS INTEGER) for correct results | CONTEXT: 'movies.year' can contain non-integer or padded values, so extracting the last 4 digits and casting ensures alignment with year fields in other tables (for example, when joining with 'movie_cast') | WHEN_TO_CHECK: When using or joining on the 'movies.year' column, especially for year-based aggregation or filtering | EXAMPLE_USAGE: Correct: JOIN ... ON CAST(SUBSTR(m.year, -4, 4) AS INTEGER) = ...; Incorrect: JOIN ... ON CAST(m.year AS INTEGER) = ..., which may misinterpret year values that include extra text or formatting."
75,local097,DB_IMDB,generic,join;cast;substr;filter,all,all,date,all,"VERIFY: string-encoded date or year columns are consistently parsed/extracted before numeric comparison or joins | PRINCIPLE: When date or year data is stored as strings with potential prefixes, suffixes, or non-numeric characters, direct casting may give incorrect results—instead, explicitly extract the relevant numeric substring before casting | WHEN_TO_APPLY: When comparing or joining on textual year/date columns where the representation may include non-numeric characters or different formats | EXAMPLE_USAGE: If a table has a 'year' column like 'USA 2008' or 'Year: 1967', direct CAST(year AS INTEGER) returns unexpected results (e.g., 0 or fails). Instead, use SUBSTR(year, -4, 4) to extract the year, then CAST as INTEGER: CAST(SUBSTR(year, -4, 4) AS INTEGER) ensures correct and consistent year extraction across all rows."
76,local099,DB_IMDB,db,join;left join;aggregation;count;count distinct;distinct;group by;filter;coalesce;where;cte_definition,M_Cast,all,all,all,"REMEMBER: To count distinct actors who have acted in more films with a specific director, use the actor and director linkage within the cast and movie_direction tables | CONTEXT: The cast table connects actors to movies, and the movie_direction table connects directors to movies, enabling filtering for specific actor-director collaborations | WHEN_TO_CHECK: When comparing counts or occurrences of actors’ collaborations with different directors using cast and movie_direction | EXAMPLE_USAGE: To find actors who have acted in more movies with director_id corresponding to ‘Yash Chopra’ than with others, JOIN cast ON movie_id to movie_direction and filter on the director_id; missing this linkage may count incorrect collaborations."
77,local099,DB_IMDB,generic,join;left join;aggregation;count;count distinct;distinct;group by;filter;coalesce;where;cte_definition,all,all,all,all,"ENSURE: Aggregations involving counts of entities connected through indirect relationships use appropriate JOIN logic to avoid double-counting or missing matches | PRINCIPLE: When aggregating linked entities over multiple tables, precise JOIN conditions are necessary to accurately reflect the relationship being measured | WHEN_TO_APPLY: When counting occurrences of an entity’s involvement with another through an intermediate table (e.g., actors’ appearances in films by a director via a cast table) | EXAMPLE_USAGE: If counting how many films each actor made with a specific director, use JOINs through the connecting tables (e.g., actor->cast->movie->movie_direction->director), filtering for the target director each time; incorrect or missing JOINs could include films without the correct director or miss valid collaborations."
78,local141,AdventureWorks,db,aggregation;round;sum,annual_sales,annual_sales.TotalSales,numeric,all,"ENSURE: ROUND numeric calculations in the SELECT clause that produce Amt_Above_or_Below_Quota, TotalSales, and SalesQuota to 4 decimal places | CONTEXT: When calculating and reporting Amt_Above_or_Below_Quota, TotalSales from the Sales table, and SalesQuota from the SalesQuota table, the system expects results rounded to 4 decimal places for reporting consistency | WHEN_TO_CHECK: Whenever selecting or computing Amt_Above_or_Below_Quota, Sales.TotalSales, or SalesQuota.SalesQuota for presentation or output | EXAMPLE_USAGE: A correct usage is 'SELECT ROUND(S.TotalSales, 4), ROUND(Q.SalesQuota, 4), ROUND(S.TotalSales - Q.SalesQuota, 4) AS Amt_Above_or_Below_Quota ...'. An incorrect usage is omitting the ROUND: 'SELECT S.TotalSales, Q.SalesQuota, (S.TotalSales - Q.SalesQuota) AS Amt_Above_or_Below_Quota ...', which can yield excessive decimal places."
79,local141,AdventureWorks,db,aggregation;round;sum,annual_quotas,annual_quotas.SalesQuota,numeric,all,"ENSURE: ROUND numeric calculations in the SELECT clause that produce Amt_Above_or_Below_Quota, TotalSales, and SalesQuota to 4 decimal places | CONTEXT: When calculating and reporting Amt_Above_or_Below_Quota, TotalSales from the Sales table, and SalesQuota from the SalesQuota table, the system expects results rounded to 4 decimal places for reporting consistency | WHEN_TO_CHECK: Whenever selecting or computing Amt_Above_or_Below_Quota, Sales.TotalSales, or SalesQuota.SalesQuota for presentation or output | EXAMPLE_USAGE: A correct usage is 'SELECT ROUND(S.TotalSales, 4), ROUND(Q.SalesQuota, 4), ROUND(S.TotalSales - Q.SalesQuota, 4) AS Amt_Above_or_Below_Quota ...'. An incorrect usage is omitting the ROUND: 'SELECT S.TotalSales, Q.SalesQuota, (S.TotalSales - Q.SalesQuota) AS Amt_Above_or_Below_Quota ...', which can yield excessive decimal places."
80,local141,AdventureWorks,db,round;aggregation;sum,all,Amt_Above_or_Below_Quota,numeric,all,"ENSURE: ROUND numeric calculations in the SELECT clause that produce Amt_Above_or_Below_Quota, TotalSales, and SalesQuota to 4 decimal places | CONTEXT: When calculating and reporting Amt_Above_or_Below_Quota, TotalSales from the Sales table, and SalesQuota from the SalesQuota table, the system expects results rounded to 4 decimal places for reporting consistency | WHEN_TO_CHECK: Whenever selecting or computing Amt_Above_or_Below_Quota, Sales.TotalSales, or SalesQuota.SalesQuota for presentation or output | EXAMPLE_USAGE: A correct usage is 'SELECT ROUND(S.TotalSales, 4), ROUND(Q.SalesQuota, 4), ROUND(S.TotalSales - Q.SalesQuota, 4) AS Amt_Above_or_Below_Quota ...'. An incorrect usage is omitting the ROUND: 'SELECT S.TotalSales, Q.SalesQuota, (S.TotalSales - Q.SalesQuota) AS Amt_Above_or_Below_Quota ...', which can yield excessive decimal places."
81,local141,AdventureWorks,generic,round;aggregation,all,all,numeric,all,"ENSURE: Numeric measures in SELECT clauses are rounded to the required number of decimal places to match expected output format | PRINCIPLE: Aligning decimal precision of query outputs to the specification prevents false mismatches caused by cosmetic differences | WHEN_TO_APPLY: When a question or expected output mandates a specific decimal formatting or scale for computed numeric results | EXAMPLE_USAGE: If a computed value should show exactly 4 decimals (e.g., 123.4567), apply 'ROUND(calculation, 4)'. If omitted, output like 123.4567123 will cause format mismatches even when the values are otherwise correct."
82,local141,adventureworks,db,select;group by;strftime;cte;with;join,annual_sales;annual_quotas;salesorderheader;SalesPersonQuotaHistory,OrderDate;QuotaDate;salespersonid;BusinessEntityID,date;id,all,"ENSURE: In GROUP BY clauses inside CTEs that extract a year with strftime('%Y', date_col), always repeat the full strftime expression in GROUP BY—never use the SELECT-list alias | CONTEXT: SQLite does not resolve SELECT aliases within the same query's GROUP BY; using an alias like 'year' instead of the actual 'strftime(''%Y'', OrderDate)' causes incorrect grouping or a runtime error, preventing correct year-level aggregation and breaking the downstream JOIN between annual_sales and annual_quotas CTEs | WHEN_TO_CHECK: When writing CTEs that extract year from OrderDate or QuotaDate and then group by that year | EXAMPLE_USAGE: Correct: 'SELECT strftime(''%Y'', s.OrderDate) AS year, SUM(s.SubTotal) AS TotalSales FROM salesorderheader s WHERE s.salespersonid IS NOT NULL GROUP BY strftime(''%Y'', s.OrderDate)'. Incorrect: '... GROUP BY year' — the alias is not recognised in GROUP BY by SQLite."
83,local141,adventureworks,generic,select;group by;strftime,all,all,date,all,"VERIFY: GROUP BY clauses always repeat the original expression or function call—never a SELECT-list alias defined in the same query level | PRINCIPLE: SQL standard and SQLite do not allow a SELECT alias to be referenced in the GROUP BY of the same query; the alias is evaluated after grouping. Using an alias in GROUP BY silently groups on the literal alias string or raises an error, causing wrong aggregation results with no obvious error message | WHEN_TO_APPLY: Any time a computed or transformed column (strftime('%Y',...), CAST(...), date_trunc(...)) is aliased in SELECT and also used for grouping | EXAMPLE_USAGE: Always write 'GROUP BY strftime(''%Y'', date_col)' not 'GROUP BY yr' even when the SELECT says 'strftime(''%Y'', date_col) AS yr'. The same rule applies to CAST, arithmetic expressions, and any other computed column."
84,local157,bank_sales_trading,db,where;order by;filter;window,bitcoin_prices,bitcoin_prices.parsed_date,int,all,"ENSURE: Always use parsed_date (numeric/int) rather than market_date (string) for date filtering and ordering operations | CONTEXT: The main date of interest is represented in both market_date (string) and parsed_date (parsed integer), but numerical filtering and ordering requires parsed_date to ensure correct chronological sequence and proper range filtering | WHEN_TO_CHECK: When filtering or ordering rows by date, or when referencing 'previous' or 'next' rows based on date in the database | EXAMPLE_USAGE: Correct: WHERE parsed_date BETWEEN 20210801 AND 20210810; ORDER BY parsed_date. Incorrect: WHERE market_date BETWEEN '20210801' AND '20210810' or using ORDER BY market_date, which may sort lexicographically and give unexpected row order."
85,local157,bank_sales_trading,db,cast;aggregation;filter,bitcoin_prices,bitcoin_prices.parsed_volume,numeric,all,"ENSURE: When outputting the volume value, use parsed_volume (numeric/int) rather than the original string representation of volume | CONTEXT: The volume field exists in both a raw string format and a parsed numeric format; only parsed_volume should be used for accurate calculations and correct output formatting | WHEN_TO_CHECK: Whenever selecting or calculating with the volume column, or presenting volume in the output | EXAMPLE_USAGE: Correct: SELECT parsed_volume AS volume. Incorrect: SELECT volume as originally stored as a string (e.g., '1,000') which may cause aggregation or formatting errors."
86,local157,bank_sales_trading,generic,where;order by;filter;window,all,all,all,all,"VERIFY: All filtering, ordering, and logical windowing operations (like previous/next row lookups) are performed using type-consistent, parsed columns, not raw string or formatted versions | PRINCIPLE: Filtering or ordering on raw string columns that represent dates or numerics can cause subtle logical bugs, such as lexicographic ordering or incorrect numeric comparison; always use the correctly parsed type | WHEN_TO_APPLY: Whenever source columns are strings representing dates/numerics but type-correct parsed columns are available | EXAMPLE_USAGE: When filtering by date, ensure WHERE parsed_date >= 20210101 is used rather than WHERE market_date >= '20210101'. For ordering, ORDER BY parsed_date (integer date), not market_date (string), to avoid '20210110' being sorted before '2021012'."
87,local163,education_business,db,cte_definition;aggregation;avg;min;group by;join;abs;filter;order by,employees,employees.name,str,all,"REMEMBER: Ensure all necessary CTE or subquery results are actually defined and sourced from the correct base tables, such as using the employees table for names and salaries | CONTEXT: The employees table stores core columns like name and salary, which are frequently referenced or aggregated in CTEs for ranking or analysis | WHEN_TO_CHECK: When referencing or aggregating over employee data for analytical queries that output rankings, minimums, or differences based on salaries | EXAMPLE_USAGE: When writing a final SELECT on rankings or comparisons, verify that each intermediate CTE (e.g., calculating average salaries, ranking employees) starts from the employees table and all referenced CTEs are properly defined before the SELECT. If the chain is broken or a CTE is omitted, the query will fail or return no results."
88,local163,education_business,generic,cte_definition;subquery,all,all,all,all,"ENSURE: All referenced subqueries or CTEs are defined and appear in the correct order before they are used in the final SELECT | PRINCIPLE: SQL queries using WITH (CTE) clauses require each intermediate step to be properly defined and sequenced before being referenced; otherwise, unrecognized names cause query execution to fail | WHEN_TO_APPLY: Whenever constructing queries that depend on results from earlier CTEs or subqueries in the SELECT or FROM clause | EXAMPLE_USAGE: If a query tries to SELECT from a logical table called min_diff but min_diff is not defined in the WITH clause beforehand, the query will raise an error. The correct approach is to define each needed CTE (rank_avg → with_diff → min_diff) in order, then SELECT from them. For example: WITH a AS (...), b AS (...) SELECT * FROM b -- CORRECT. WITH a AS (...) SELECT * FROM b -- INCORRECT: b is not defined."
89,local163,education_business,generic,filter;cte_definition,all,all,all,all,"CHECK: Query readability and structure match execution requirements by tracing each SELECT's source upstream to ensure all dependencies are satisfied | PRINCIPLE: Query logic must align so that every step's input (table or CTE) is explicitly available at time of execution | WHEN_TO_APPLY: When iterating or debugging queries with layered logic and multiple WITH clauses | EXAMPLE_USAGE: When updating or reordering SQL logic, always walk through the WITH chain and final SELECT to verify that each reference is defined above its use; missing or out-of-sequence definitions will break query execution."
90,local197,SQLITE_SAKILA,db,strftime;group by;aggregation,orders,orders.date,date,all,"ENSURE: when extracting the 'month' from date values in the orders table, use strftime with '%m' (not '%Y-%m') if only the month number is required (e.g., '01', '02', etc.) | CONTEXT: The orders table contains a date column; misusing the extraction format can add unintended year info or alter output granularity | WHEN_TO_CHECK: Whenever grouping or presenting results based on the 'month' extracted from the orders.date column | EXAMPLE_USAGE: Correct: strftime('%m', orders.date) as month returns '01'-'12' for month grouping; incorrect: strftime('%Y-%m', orders.date) returns 'YYYY-MM', which includes the year and changes the grouping, potentially producing more groups than desired for pure month analysis"
91,local197,SQLITE_SAKILA,generic,strftime;group by;aggregation;filter,all,all,all,all,"VERIFY: string date extractions use the correct format to match the intended output and grouping level | PRINCIPLE: The pattern in date extraction (e.g., 'YYYY-MM' vs 'MM') directly impacts the level of aggregation/grouping and the values produced | WHEN_TO_APPLY: Whenever using date extraction/string formatting functions to group, filter, or display date-based aggregates | EXAMPLE_USAGE: If you intend to group by month regardless of year, use date extraction like strftime('%m', date_col); if you mistakenly use strftime('%Y-%m', date_col), the result will split data by both year and month (e.g., '2022-01', '2023-01') instead of just by month ('01'), which can lead to mismatched or overly granular results compared to the expected output"
92,local209,delivery_center,db,count distinct;aggregation;join;filter,orders,orders.order_id,int,all,"ENSURE: COUNT(DISTINCT order_id) is used for counting unique orders in both the numerator and denominator after appropriate JOINs between the deliveries, orders, and stores tables | CONTEXT: order_id uniquely identifies an order and aggregating on other fields or with wrong DISTINCT usage may overcount, especially when multiple records exist per order in deliveries or orders | WHEN_TO_CHECK: When calculating ratios or metrics involving the number of orders delivered vs total orders, particularly when joining deliveries with orders and filtering on stores | EXAMPLE_USAGE: Correct - COUNT(DISTINCT o.order_id) after joining deliveries d ON d.order_id = o.order_id and filtering by store_id; Incorrect - COUNT(*) or COUNT(DISTINCT delivery_order_id), which would inflate counts if there are multiple delivery records per order."
93,local209,delivery_center,db,join;filter,deliveries,deliveries.order_id,int,all,"ENSURE: Joins between deliveries, orders, and stores use order_id to link deliveries to orders and store_id to restrict results to the relevant store | CONTEXT: Correct join conditions are necessary to avoid counting deliveries or orders for the wrong store | WHEN_TO_CHECK: When extracting delivered order counts for a specific store from joined deliveries and orders tables | EXAMPLE_USAGE: Correct - JOIN deliveries d ON d.order_id = o.order_id and filter WHERE o.store_id = X; Incorrect - join only on delivery_order_id or without ensuring the correct store context."
94,local209,delivery_center,generic,aggregation;count distinct;join,all,all,all,all,"VERIFY: Aggregation grain matches the intended entity being counted, and use COUNT(DISTINCT key) if a one-to-many relationship exists between joined tables | PRINCIPLE: When joining tables that can multiply rows (e.g., one order may appear multiple times in deliveries), aggregate using DISTINCT on the true unique key of interest to avoid inflated counts | WHEN_TO_APPLY: Whenever calculating counts after a join where row-multiplication may occur due to one-to-many relationships | EXAMPLE_USAGE: When counting orders delivered, use COUNT(DISTINCT order_id) after a JOIN that can produce multiple rows per order; do not use COUNT(*) or COUNT(DISTINCT delivery_record_id) unless measuring deliveries themselves."
95,local209,delivery_center,generic,aggregation;count distinct;ratio,all,all,all,all,"ENSURE: The same logic and key column are used in both numerator and denominator when calculating ratios, to guarantee a fair comparison | PRINCIPLE: Using different identifiers or aggregation logic in ratio calculations (e.g., numerator uses DISTINCT order_id, denominator uses COUNT(*)) can distort results due to mismatches in counting logic | WHEN_TO_APPLY: Whenever constructing ratios between two aggregate counts related to the same entity | EXAMPLE_USAGE: When creating a completion ratio of delivered to total orders, ensure both the delivered count and total order count are derived via COUNT(DISTINCT order_id) so both counts measure true unique orders."
96,local218,EU_soccer,db,aggregation;median;cast,team_and_opponent_avg_goals,team_and_opponent_avg_goals.median_max_goals,int,all,"ENSURE: When outputting calculated values like median_max_goals derived from team_and_opponent_avg_goals, CAST to INTEGER if the expected result is meant to be a whole number | CONTEXT: The team_and_opponent_avg_goals table contains data from the database, and incorrect casting (e.g., REAL instead of INTEGER) affects the output type and value | WHEN_TO_CHECK: When selecting calculated aggregate values like median_max_goals from statistics derived from team_and_opponent_avg_goals | EXAMPLE_USAGE: If the correct output should be an integer (like 48), verify that 'CAST(... AS INTEGER)' is used. If 'CAST(... AS REAL)' is used, the result might be improperly formatted, for example, returning 48.0 instead of 48."
97,local218,EU_soccer,generic,cast,all,all,int,all,"VERIFY: Output columns match the required data type in the specification | PRINCIPLE: Type mismatches (e.g., returning a numeric value as a REAL/float when an INTEGER is needed) can cause otherwise correct queries to fail validation | WHEN_TO_APPLY: Whenever the specification or expected results require an integer or a precise data type for an output column | EXAMPLE_USAGE: When the output should be an integer (e.g., 48), ensure columns are cast as INTEGER. For example, 'SELECT CAST(value AS INTEGER)' is correct; 'SELECT CAST(value AS REAL)' or leaving it uncast as a float can cause mismatches like 48.0 instead of 48."
98,local228,IPL,db,aggregation;join;filter;select,all,all,all,all,"ENSURE: When returning stats for both batsmen and bowlers, include batsman_id, batsman_name, bowler_id, and bowler_name columns in the SELECT list for proper identification and output completeness | CONTEXT: The database tracks player data across multiple tables and correct identification requires explicit selection of both IDs and names for batsmen and bowlers | WHEN_TO_CHECK: Whenever summarizing or outputting stats involving both batsmen and bowlers from the player or match events tables | EXAMPLE_USAGE: CORRECT – SELECT batsman_id, batsman_name, bowler_id, bowler_name, runs, wickets ... INCORRECT – SELECT runs, wickets ... (missing player identification columns leads to incomplete results or inability to attribute stats)."
99,local228,IPL,db,aggregation;group by;row_number;rank;partition by,all,all,all,all,"ENSURE: To rank batsmen by total runs and bowlers by total wickets, aggregate runs/wickets separately using GROUP BY on batsman_id and bowler_id, respectively, before performing ranking and joining for combined outputs | CONTEXT: Proper aggregation of player stats relies on correct grouping for each role; mixing or incomplete aggregation results in ranking errors or stat omissions | WHEN_TO_CHECK: When calculating leaderboards or top-N lists for batsmen and bowlers | EXAMPLE_USAGE: CORRECT – GROUP BY batsman_id for batsman runs; GROUP BY bowler_id for bowler wickets before RANK or ROW_NUMBER. INCORRECT – Missing the groupings causes all stats to be clumped together or misattributed."
100,local228,IPL,generic,aggregation;group by;row_number;rank;partition by;join,all,all,all,all,"VERIFY: Aggregations for different entities (e.g., separate leaderboards for two player roles) are built in isolation before merging or presenting them together | PRINCIPLE: Parallel aggregations require independent grouping and ranking for each entity type prior to any joins or combined outputs | WHEN_TO_APPLY: When a single result set must present summarized stats for two (or more) distinct groupings, such as players in different roles or multiple metric types | EXAMPLE_USAGE: When summarizing both 'A-type' and 'B-type' entities (e.g., batsmen/wickets, salespeople/sales regions), first GROUP BY and aggregate for each entity type independently to build their rankings. Only then merge or output combined rows. If you attempt to aggregate or rank without isolating by entity type, you risk mixing stats and producing invalid rankings or outputs."
101,local228,IPL,generic,select;filter,all,all,all,all,"ENSURE: Output specification columns, such as player IDs and names, must be explicitly selected to match required result sets, not just aggregate values | PRINCIPLE: For traceability and requirements alignment, details needed for identification in the result must be taken from base tables and not omitted during intermediate transformations | WHEN_TO_APPLY: When the expected result includes ID or name columns along with aggregated measures | EXAMPLE_USAGE: If the desired output includes both id, name, and total_sales columns, structure the final SELECT as SELECT id, name, total_sales FROM ... Not returning id and name makes cross-verification or downstream use impossible even if totals are correct."
102,local244,music,db,case;group by;aggregation;cast;round;where;left join;order by;coalesce,Track,Track.Milliseconds,numeric,all,"ENSURE: when categorizing entries in the activities table by duration, use the actual calculated minute thresholds from duration_minutes data rather than static/fixed values | CONTEXT: The activities table’s duration_minutes column provides real activity durations, and category boundaries may shift depending on actual data distribution; using static thresholds (e.g., always 3/5 mins) can lead to misclassification | WHEN_TO_CHECK: When defining or updating category assignments (such as Short, Medium, Long) for rows from the activities table based on duration_minutes | EXAMPLE_USAGE: When binning activities: instead of 'CASE WHEN duration_minutes <= 3 THEN ""Short"" WHEN duration_minutes <= 5 THEN ""Medium"" ELSE ""Long""', first calculate the correct min/max thresholds from the activities.duration_minutes values and use these as dynamic boundaries, e.g., 'CASE WHEN duration_minutes <= shortest_max THEN ""Short"" WHEN duration_minutes <= medium_max THEN ""Medium"" ELSE ""Long""'."
103,local244,music,db,order by;case;group by;aggregation;round;coalesce;left join,Track,all,all,all,"ENSURE: ordering of categorized results (Short, Medium, Long) follows the intended sequence using an explicit CASE in ORDER BY rather than relying on default sorting | CONTEXT: The output sequence for categories matters; relying on lexicographical or value-based default sorting may cause mismatches if queried categories are not ordered explicitly | WHEN_TO_CHECK: When producing ordered output for grouped categories from activities, especially when aggregating or reporting by duration-based labels | EXAMPLE_USAGE: Use 'ORDER BY CASE WHEN category = ""Long"" THEN 1 WHEN category = ""Short"" THEN 2 WHEN category = ""Medium"" THEN 3 END' to control the presentation order, instead of generic ORDER BY or GROUP BY which can change order across database engines."
104,local244,music,generic,case;group by;aggregation;cast;round;where,all,all,all,all,"VERIFY: category boundaries are derived from the true data distribution, not from static thresholds unless business rules specify otherwise | PRINCIPLE: Using static limits for value bucketing can be incorrect if real data distribution or requirements shift; thresholds should be dynamically sourced from the underlying records | WHEN_TO_APPLY: When assigning data into labeled bins (e.g., duration categories, size buckets, age groups) in any SQL analysis | EXAMPLE_USAGE: If binning durations, do not use 'CASE WHEN value < 5 THEN ...', instead query for the actual cutoff points like 'SELECT MIN(duration), MAX(duration), PERCENTILE_CONT(...),' and use these values to construct boundaries."
105,local244,music,generic,order by;case;group by;aggregation;round,all,all,all,all,"ENSURE: explicit ordering logic for labeled categories in query outputs to avoid accidental mismatches due to default order differences | PRINCIPLE: Output order may matter for testing or reporting; WITHOUT explicit control, default sorting can yield mismatches across platforms or runs | WHEN_TO_APPLY: When presenting grouped or categorized summary data where the order is meaningful or validated | EXAMPLE_USAGE: Add 'ORDER BY CASE WHEN category = ""A"" THEN 1 WHEN category = ""B"" THEN 2 END' rather than relying on 'ORDER BY category', to guarantee the expected output sequence regardless of category label lexicographical order."
106,local262,stacking,db,join;left join;aggregation;count;group by;where;coalesce;order by,all,all,int,all,"ENSURE: When comparing stack model performance against total solution submissions, use the correct direction in the comparison for better_count and sol_count to reflect ""Stack outperformed"" scenarios | CONTEXT: better_count (number of times Stack outperforms all other models for a problem) and sol_count (total submissions for a problem) are both derived from the problems table and associated scoring/event tables; the logical check is that better_count > sol_count, not the reverse | WHEN_TO_CHECK: When joining/interpreting aggregate counts from model performance events vs total solution counts on problem name | EXAMPLE_USAGE: The correct filter is 'WHERE better_count > sol_count' to find problems where Stack outperformed in more events than there were solution occurrences; reversing the comparison wrongly yields problems where Stack was worse."
107,local262,stacking,generic,comparison;aggregation;count;group by;where;having,all,all,all,all,"VERIFY: Directionality of comparisons between aggregate statistics matches the intended query logic | PRINCIPLE: In aggregations that compare counts or sums (e.g., number of events of type A vs type B), the order of comparison must match the question logic (""more than"", ""fewer than"", etc.) or results will reflect the inverse of the intent | WHEN_TO_APPLY: Whenever constructing WHERE or HAVING clauses that compare two column aggregates derived from groupings over similar keys | EXAMPLE_USAGE: If tasked to select groups where metric1 exceeds metric2, use 'WHERE metric1 > metric2'; using 'metric1 < metric2' reverses the meaning, possibly yielding the complement set and fundamentally altering the answer. Always test that your logical comparison reflects the scenario described in the question."
108,local264,stacking,db,where;filter,model_score,model_score.model,str,No,"ENSURE: When analyzing or counting models in the model_score table, exclude rows where model = 'Stack' by applying a WHERE ms.model <> 'Stack' filter | CONTEXT: The model_score table includes entries where ms.model can be 'Stack', which should not be included in aggregate statistics related to individual model performance | WHEN_TO_CHECK: Whenever calculating metrics or aggregating over the model_score table related to model performance | EXAMPLE_USAGE: To count the number of best-performing models per group, add 'WHERE ms.model <> 'Stack'' to avoid inflating results with stack models. Without this, counts will be inflated by entries labeled 'Stack'."
109,local264,stacking,db,row_number;partition by;order by;window;aggregation,model_score,model_score.test_score,numeric,all,"ENSURE: Only include the highest test_score per group (name, version, step) from model_score by using ROW_NUMBER() OVER (PARTITION BY name, version, step ORDER BY test_score DESC, model ASC) and limiting to rows with rn = 1 | CONTEXT: Multiple models with the same name, version, and step can exist in model_score; only the top scoring model should be considered for analysis | WHEN_TO_CHECK: When identifying or counting best-performing models for each unique (name, version, step) combination | EXAMPLE_USAGE: Use a window function to flag the top test_score: 'ROW_NUMBER() OVER (PARTITION BY ms.name, ms.version, ms.step ORDER BY ms.test_score DESC, ms.model ASC) as rn', then filter with 'WHERE rn = 1'. Neglecting this leads to double-counting of models with lower scores in the same group."
110,local264,stacking,db,join,model_score,all,all,all,"ENSURE: JOIN between model_score and model tables only on name and version columns and avoid including step in the join clause | CONTEXT: model_score and model tables can be related via name and version; including the step column in the join can improperly limit or exclude valid row matches, affecting the result set | WHEN_TO_CHECK: Whenever combining model_score with model for enrichment or filtering | EXAMPLE_USAGE: Use 'ON ms.name = m.name AND ms.version = m.version' for correct joins. Adding 'AND ms.step = m.step' wrongly restricts the join, potentially omitting or duplicating model information."
111,local264,stacking,generic,where;filter;aggregation,all,all,str,all,"ENSURE: Apply explicit exclusion filters for special-case categories that should not be included in aggregate results | PRINCIPLE: Certain label values (e.g., 'Stack', 'Total', 'Unknown') may be present as rows but semantically should be excluded from specific analytics | WHEN_TO_APPLY: Whenever the data set includes named special-case categories and the analysis is intended to focus on base cases or individual entities | EXAMPLE_USAGE: When counting the number of unique contributors to a score, add 'WHERE entity <> 'Stack'' or relevant exclusion logic; failing to do so can result in inflated aggregates and misleading statistics."
112,local264,stacking,generic,row_number;partition by;order by;window;aggregation,all,all,all,all,"VERIFY: Use window functions to select only the top row per group based on a ranking metric before aggregating | PRINCIPLE: Without filtering to the best (e.g., via ROW_NUMBER()/RANK()), aggregating will produce multiple rows per group and overcount | WHEN_TO_APPLY: Whenever multiple records share the same group identifiers and only the best/first/unique row should be counted per group | EXAMPLE_USAGE: When grouping by keys like (name, version, step), use 'ROW_NUMBER() OVER (PARTITION BY ... ORDER BY metric DESC)' and filter to 'rn = 1'. If not applied, aggregation (e.g., COUNT) will multiply results by the number of non-unique rows per group."
113,local264,stacking,generic,join,all,all,all,all,"VERIFY: JOINs do not include excessive key columns that improperly restrict or fragment valid relationships | PRINCIPLE: Over-specifying JOIN conditions with extra columns can prevent correct matching, causing missed or fragmented records | WHEN_TO_APPLY: When linking two tables where the relationship does not always include all columns present in both | EXAMPLE_USAGE: If one table tracks versions and steps, but another is only unique by (name, version), joining with 'AND step = step' can omit or duplicate data. The correct pattern is to JOIN on only the columns that define the true relationship."
114,local301,bank_sales_trading,db,group by;aggregation;sum;filter;where;order by;round;division;cast,cleaned_weekly_sales,cleaned_weekly_sales.week_date,date,all,"ENSURE: when calculating before_effect and after_effect metrics by year, use the 4 consecutive week_date values immediately before and immediately after June 15 for each year, with ""after"" including the week containing June 15 | CONTEXT: week_date column stores the weekly granularity for period selection; incorrect week alignments lead to mismatched before/after comparisons and metric errors | WHEN_TO_CHECK: When grouping or aggregating data from the table with week_date for ""before"" and ""after"" effect analysis around a fixed date (such as June 15) each year | EXAMPLE_USAGE: To compute 2020's before_effect, sum values where week_date IN ('2020-05-18', '2020-05-25', '2020-06-01', '2020-06-08'); for after_effect, sum values where week_date IN ('2020-06-15', '2020-06-22', '2020-06-29', '2020-07-06'). Using the wrong set—like missing '2020-06-15' from the ""after"" group or including non-adjacent weeks—produces incorrect change_amount and percent_change."
115,local301,bank_sales_trading,generic,aggregation;sum;filter,all,all,all,all,"VERIFY: that ""before"" and ""after"" period groupings in effect-change analyses use consistent, adjacent and non-overlapping intervals anchored to the intended key date, with ""after"" including the event/start date if required | PRINCIPLE: Accurate effect size measurement depends on symmetric, precisely anchored periods when aggregating time-series data around an inflection point | WHEN_TO_APPLY: Whenever computing changes across a ""before/after"" temporal split, especially for annual or event-based comparisons | EXAMPLE_USAGE: When calculating the impact of a policy starting June 15, the ""after"" period should include June 15 as the first week if that's the analysis logic, and the ""before"" should cover the four preceding, consecutive calendar weeks. Using incorrectly shifted or overlapping intervals leads to under- or over-estimation of effects."
116,local197,SQLITE_SAKILA,db,cast;substr;group by;order by;sum;lag;partition by;round;abs;where;limit,all,month,date,all,"ENSURE: when working with the 'month' column in the table, extract the numeric month component as an integer when only the month number is required rather than keeping the 'YYYY-MM' string format | CONTEXT: The 'month' column stores data in 'YYYY-MM' format; certain queries require only the month number as an integer for correct output, matching, or grouping | WHEN_TO_CHECK: When the output or grouping criteria should be the month number from the 'month' column | EXAMPLE_USAGE: Using 'CAST(substr(month, 6, 2) AS INTEGER)' to extract '7' from '2005-07' is correct when only the month number is needed. Returning '2005-07' (the string) instead causes mismatched results if an integer month is expected."
117,local197,SQLITE_SAKILA,generic,cast;substr;group by;order by;sum;lag;partition by;round;abs;where;limit,all,all,all,all,"VERIFY: when extracting a date or month component from a string-formatted date field, use explicit string functions and type casting to match the required output type (e.g., integer for month) | PRINCIPLE: String-formatted dates require parsing to correctly extract components for accurate comparison or display | WHEN_TO_APPLY: Whenever the underlying data column contains a date in string format and the query or output requires only a subcomponent (e.g., month, year) as integer | EXAMPLE_USAGE: If a column contains 'YYYY-MM', use 'CAST(SUBSTR(field, 6, 2) AS INTEGER)' to get month 7 from '2005-07' rather than outputting '2005-07' directly. Returning the full string gives the wrong type or format for expected numeric output."
